{
	"info": {
		"_postman_id": "7cd3d7fa-502b-4b9f-8f68-859a4bb6f4f0",
		"name": "Stormelding eformidling 2.0",
		"schema": "https://schema.getpostman.com/json/collection/v2.1.0/collection.json"
	},
	"item": [
		{
			"name": "Stormelding",
			"item": [
				{
					"name": "CreateMessage",
					"event": [
						{
							"listen": "prerequest",
							"script": {
								"exec": [
									"var uuid = require('uuid');",
									"pm.variables.set('messageId', uuid.v4());",
									"pm.environment.set('largeMessageId', uuid.v4())",
									"console.log('pre messageId: ' + pm.variables.get('messageId'));",
									"",
									"pm.variables.set('conversationId', uuid.v4());",
									"console.log('pre conversationId: ' + pm.variables.get('conversationId'));"
								],
								"type": "text/javascript"
							}
						},
						{
							"listen": "test",
							"script": {
								"exec": [
									"console.log('-- StorMelding CreateMessage test --');\r",
									"pm.test(\"response must be valid and have a body\", function () {\r",
									"     // assert that the status code is 200\r",
									"     pm.response.to.be.ok; // info, success, redirection, clientError,  serverError, are other variants\r",
									"     // assert that the response has a valid JSON body\r",
									"     pm.response.to.be.withBody;\r",
									"});"
								],
								"type": "text/javascript"
							}
						}
					],
					"request": {
						"method": "POST",
						"header": [
							{
								"key": "Content-Type",
								"name": "Content-Type",
								"value": "application/json",
								"type": "text"
							},
							{
								"key": "",
								"value": "",
								"type": "text",
								"disabled": true
							}
						],
						"body": {
							"mode": "raw",
							"raw": "{\r\n  \"standardBusinessDocumentHeader\": {\r\n    \"headerVersion\": \"1.0\",\r\n    \"sender\": [\r\n      {\r\n        \"identifier\": {\r\n          \"authority\": \"iso6523-actorid-upis\",\r\n          \"value\": \"0192:991825827\"\r\n        }\r\n      }\r\n    ],\r\n    \"receiver\": [\r\n      {\r\n        \"identifier\": {\r\n          \"authority\": \"iso6523-actorid-upis\",\r\n          \"value\": \"0192:991825827\"\r\n        }\r\n      }\r\n    ],\r\n    \"documentIdentification\": {\r\n      \"standard\": \"urn:no:difi:arkivmelding:xsd::arkivmelding\",\r\n      \"typeVersion\": \"2.0\",\r\n      \"instanceIdentifier\": \"{{largeMessageId}}\",\r\n      \"type\": \"arkivmelding\",\r\n      \"creationDateAndTime\": \"2019-07-02T15:05:04.7960494+02:00\"\r\n    },\r\n    \"businessScope\": {\r\n      \"scope\": [\r\n        {\r\n          \"type\": \"ConversationId\",\r\n          \"instanceIdentifier\": \"{{conversationId}}\",\r\n          \"identifier\": \"urn:no:difi:profile:arkivmelding:administrasjon:ver1.0\"          \r\n        },\r\n        {\r\n          \"type\": \"SenderRef\",\r\n          \"instanceIdentifier\": \"be293280-4629-4b51-823e-6fd6ca363579\",\r\n          \"identifier\": \"AvsenderSystem\"\r\n        },\r\n        {\r\n          \"type\": \"ReceiverRef\",\r\n          \"instanceIdentifier\": \"47558623-685c-4d40-b5ea-e299b27b985f\",\r\n          \"identifier\": \"MottakerSystem\"\r\n        }\r\n      ]\r\n    }\r\n  },\r\n  \"arkivmelding\": {\r\n    \"sikkerhetsnivaa\": \"3\",\r\n    \"hoveddokument\": \"arkivmelding.xml\"    \r\n  }\r\n}"
						},
						"url": {
							"raw": "localhost:9093/api/messages/out",
							"host": [
								"localhost"
							],
							"port": "9093",
							"path": [
								"api",
								"messages",
								"out"
							]
						}
					},
					"response": []
				},
				{
					"name": "UploadFileArkivmelding",
					"event": [
						{
							"listen": "test",
							"script": {
								"exec": [
									"console.log('-- StorMelding Uplaod test --');\r",
									"pm.test(\"response must be valid and have a body\", function () {\r",
									"     // assert that the status code is 200\r",
									"     pm.response.to.be.ok; // info, success, redirection, clientError,  serverError, are other variants\r",
									"});"
								],
								"type": "text/javascript"
							}
						}
					],
					"request": {
						"method": "PUT",
						"header": [
							{
								"key": "Content-Disposition",
								"value": "attachment; name=\"arkivmelding\"; filename=\"arkivmelding.xml\"",
								"type": "text"
							},
							{
								"key": "filename",
								"value": "test.pdf",
								"type": "text",
								"disabled": true
							},
							{
								"key": "Content-Type",
								"name": "Content-Type",
								"value": "application/xml",
								"type": "text"
							}
						],
						"body": {
							"mode": "file",
							"file": {
								"src": "/C:/Users/jaf/OneDrive - Digitaliseringsdirektoratet/postman/NextMovePostmanTester/arkivmelding.xml"
							}
						},
						"url": {
							"raw": "localhost:9093/api/messages/out/{{largeMessageId}}",
							"host": [
								"localhost"
							],
							"port": "9093",
							"path": [
								"api",
								"messages",
								"out",
								"{{largeMessageId}}"
							]
						}
					},
					"response": []
				},
				{
					"name": "UploadFileLargeFile",
					"event": [
						{
							"listen": "test",
							"script": {
								"exec": [
									"console.log('-- StorMelding Uplaod test --');\r",
									"pm.test(\"response must be valid and have a body\", function () {\r",
									"     // assert that the status code is 200\r",
									"     pm.response.to.be.ok; // info, success, redirection, clientError,  serverError, are other variants\r",
									"});"
								],
								"type": "text/javascript"
							}
						}
					],
					"request": {
						"method": "PUT",
						"header": [
							{
								"key": "Content-Disposition",
								"type": "text",
								"value": "attachment; name=\"test\"; filename=\"test.pdf\""
							},
							{
								"key": "filename",
								"type": "text",
								"value": "test.pdf",
								"disabled": true
							},
							{
								"key": "Content-Type",
								"name": "Content-Type",
								"value": "application/pdf",
								"type": "text"
							}
						],
						"body": {
							"mode": "file",
							"file": {
								"src": "/C:/Users/jaf/OneDrive - Digitaliseringsdirektoratet/postman/NextMovePostmanTester/test.pdf"
							}
						},
						"url": {
							"raw": "localhost:9093/api/messages/out/{{largeMessageId}}",
							"host": [
								"localhost"
							],
							"port": "9093",
							"path": [
								"api",
								"messages",
								"out",
								"{{largeMessageId}}"
							]
						}
					},
					"response": []
				},
				{
					"name": "SendMessage",
					"event": [
						{
							"listen": "test",
							"script": {
								"exec": [
									"console.log('-- StorMelding SendMelding test --');\r",
									"pm.test(\"response must be valid and have a body\", function () {\r",
									"     // assert that the status code is 200\r",
									"     pm.response.to.be.ok; // info, success, redirection, clientError,  serverError, are other variants\r",
									"});"
								],
								"type": "text/javascript"
							}
						}
					],
					"request": {
						"method": "POST",
						"header": [],
						"url": {
							"raw": "localhost:9093/api/messages/out/{{largeMessageId}}",
							"host": [
								"localhost"
							],
							"port": "9093",
							"path": [
								"api",
								"messages",
								"out",
								"{{largeMessageId}}"
							]
						}
					},
					"response": []
				}
			]
		}
	]
}