<EntityConfig xmlns="urn:sun:fm:SAML:2.0:entityconfig" xmlns:fm="urn:sun:fm:SAML:2.0:entityconfig" hosted="0" entityID="idporten.difi.no-v4">
  <IDPSSOConfig>
    <Attribute name="attributeMap">
      <Value>SecurityLevel=AuthLevel</Value>
      <Value>Culture=idporten-language</Value>
      <Value>uid=idporten-personnumber</Value>
      <Value>AuthMethod=idporten-authmethod</Value>
      <Value>Email=digitalcontactinfo-email</Value>
      <Value>MobilePhone=digitalcontactinfo-mobile</Value>
      <Value>DigitalContactInfoStatus=digitalcontactinfo-status</Value>
    </Attribute>
    <Attribute name="wantNameIDEncrypted">
      <Value/>
    </Attribute>
    <Attribute name="wantArtifactResolveSigned">
      <Value>true</Value>
    </Attribute>
    <Attribute name="wantLogoutRequestSigned">
      <Value>true</Value>
    </Attribute>
    <Attribute name="wantLogoutResponseSigned">
      <Value>true</Value>
    </Attribute>
    <Attribute name="assertionNotBeforeTimeSkew">
      <Value>600</Value>
    </Attribute>
  </IDPSSOConfig>
</EntityConfig>