<?xml version="1.0" encoding="UTF-8" standalone="yes"?>
<EntityConfig entityID="idporten.difi.no-v5" hosted="true" xmlns="urn:sun:fm:SAML:2.0:entityconfig">
    <IDPSSOConfig metaAlias="/norge.no/idp5">
        <Attribute name="description">
            <Value/>
        </Attribute>
        <Attribute name="signingCertAlias">
            <Value>prodsiv5</Value>
        </Attribute>
        <Attribute name="encryptionCertAlias">
            <Value>prodsiv5</Value>
        </Attribute>
        <Attribute name="assertionEffectiveTime">
            <Value>600</Value>
        </Attribute>
        <Attribute name="idpAuthncontextClassrefMapping">
            <Value>urn:oasis:names:tc:SAML:2.0:ac:classes:PasswordProtectedTransport|3|service=IDPortenLevel3List||</Value>
            <Value>urn:oasis:names:tc:SAML:2.0:ac:classes:SmartcardPKI|4|service=IDPortenLevel4List||</Value>
        </Attribute>
        <Attribute name="attributeMap"/>
        <Attribute name="idpAuthncontextMapper">
            <Value>com.sun.identity.saml2.plugins.DefaultIDPAuthnContextMapper</Value>
        </Attribute>
        <Attribute name="idpAccountMapper">
            <Value>com.sun.identity.saml2.plugins.DefaultIDPAccountMapper</Value>
        </Attribute>
        <Attribute name="idpAttributeMapper">
            <Value>no.idporten.openfedlib.IDPortenIDPAttributeMapper</Value>
        </Attribute>
        <Attribute name="assertionIDRequestMapper">
            <Value>com.sun.identity.saml2.plugins.DefaultAssertionIDRequestMapper</Value>
        </Attribute>
        <Attribute name="nameIDFormatMap"/>
        <Attribute name="idpECPSessionMapper">
            <Value>com.sun.identity.saml2.plugins.DefaultIDPECPSessionMapper</Value>
        </Attribute>
        <Attribute name="wantArtifactResolveSigned">
            <Value>true</Value>
        </Attribute>
        <Attribute name="wantLogoutRequestSigned">
            <Value>true</Value>
        </Attribute>
        <Attribute name="wantLogoutResponseSigned">
            <Value>true</Value>
        </Attribute>
        <Attribute name="cotlist">
            <Value>idporten-cot</Value>
        </Attribute>
        <Attribute name="assertionNotBeforeTimeSkew">
            <Value>600</Value>
        </Attribute>
        <Attribute name="saeIDPUrl">
            <Value>https://idporten.difi.no/opensso/idpsaehandler/metaAlias/norge.no/idp5</Value>
        </Attribute>
    </IDPSSOConfig>
</EntityConfig>
